"current_mA","power_mW"
"0","0"
"0","0"
"0","0"
"0","0"
"0","0"
"0","0"
"0","0"
"0","0"
"0","0"
"0","0"
"0","0"
"0","0"
"0","0"
"0","0"
"0","0"
"0","0"
"0","0"
"0","0"
"0","0"
"0","0"
"0","0"
"0","0"
"0.0001","0"
"0.0001","0"
"0.0001","0"
"0.0001","0"
"0.0001","0"
"0.0001","0"
"0.0001","0"
"0.0001","0"
"0.0001","0"
"0.0001","0"
"0.0001","0"
"0.0001","0"
"0.0001","0"
"0.0001","0"
"0.0001","0"
"0.0001","0"
"0.0001","0"
"0.0001","0"
"0.0001","0"
"0.0001","0"
"0.0001","0"
"0.0001","0"
"0.0001","0"
"0.0001","0"
"0.0001","0"
"0.0001","0"
"0.0001","0"
"0.0001","0"
"0.0001","0"
"0.0001","0"
"0.0001","0"
"0.0001","0"
"0.0001","0"
"0.0001","0"
"0.0001","0"
"0.0001","0"
"0.0001","0"
"0.0001","0"
"0.0001","0"
"0.0001","0"
"0.0001","0"
"0.0001","0"
"0.0002","0"
"0.0002","0"
"0.0002","0"
"0.0002","0"
"0.0002","0"
"0.0002","0"
"0.0002","0"
"0.0002","0"
"0.0002","0"
"0.0002","0"
"0.0002","0"
"0.0002","0"
"0.0002","0"
"0.0002","0"
"0.0002","0"
"0.0002","0"
"0.0002","0"
"0.0002","0"
"0.0002","0"
"0.0002","0"
"0.0002","0"
"0.0002","0"
"0.0002","0"
"0.0002","0"
"0.0002","0"
"0.0002","0"
"0.0002","0"
"0.0002","0"
"0.0002","0"
"0.0002","0"
"0.0002","0"
"0.0002","0"
"0.0002","0"
"0.0002","0"
"0.0002","0"
"0.0002","0"
"0.0002","0"
"0.0002","0"
"0.0002","0"
"0.0002","0"
"0.0002","0"
"0.0002","0"
"0.0002","0"
"0.0002","0"
"0.0002","0"
"0.0002","0"
"0.0002","0"
"0.0002","0"
"0.0003","0"
"0.0003","0"
"0.0003","0"
"0.0003","0"
"0.0004","0"
"0.0004","0"
"0.0005","0"
"0.0007","0"
"0.0009","0"
"0.0012","0"
"0.0017","0"
"0.0024","0"
"0.0035","0"
"0.0051","0"
"0.0075","0"
"0.0111","0"
"0.0166","0"
"0.0247","0"
"0.037","0"
"0.0554","0"
"0.083","0"
"0.1244","0"
"0.1864","0"
"0.2795","0"
"0.4191","0"
"0.6286","0"
"0.9428","0"
"1","0"
"1.01","0"
"1.025","0"
"1.0475","0"
"1.0812","0"
"1.1319","0"
"1.2078","0"
"1.3217","0"
"1.4926","0"
"1.7489","0"
"2.1333","0"
"2.71","0"
"3.5749","0"
"4.8724","0"
"6.8186","0"
"9.7379","0"
"14.1168","0"
"19.1168","0"
"19.6168","0"
"20.3668","0"
"21.4918","0"
"21.5018","0"
"21.5148","0"
"21.5317","0"
"21.5537","0"
"21.5822","0"
"21.6194","0"
"21.6676","0"
"21.7304","0"
"21.8304","0.55053"
"21.9604","0.57079"
"22.1294","0.60674"
"22.3491","0.65399"
"22.6347","0.72177"
"23.006","0.82227"
"23.4887","0.97628"
"24.1162","1.21912"
"24.9319","1.60693"
"25.9319","2.17556"
"26.9319","3.11364"
"27.9319","3.95802"
"28.9319","4.75337"
"29.9319","5.34986"
"30.9319","6.1061"
"31.7304","6.79485"
"32.7304","7.55862"
"33.7304","8.16783"
"34.7304","8.98773"
"35.7304","10.14016"
"36.7304","10.69936"
"37.7304","11.01419"
"38.7304","11.74147"
"39.7304","12.17814"
"40.7304","12.76349"
"41.2304","13.06218"
"41.7304","13.74537"
"42.3804","14.25228"
"43.2254","14.51314"
"44.2254","15.08328"
"45.2254","15.68393"
"46.2254","16.30762"
"47.2254","16.93479"
"48.2254","17.55981"
"49.2254","18.18025"
"50.2254","18.79508"
"51.2254","19.40397"
"51.7304","19.72817"
"52.3869","20.13304"
"53.2403","20.64168"
"54.2403","21.23009"
"55.2403","21.8142"
"56.2403","22.39338"
"57.2403","22.96744"
"58.2403","23.53634"
"59.2403","24.1002"
"60","24.52863"
