"Case","WellWidth_nm","Period_nm","Bias_mV_per_period","MaxGain_per_cm","PhotonEnergy_meV","Wavelength_um"
"w32","3.2","22.5","160","-9.2","200","6.2"
"w32","3.2","22.5","180","-7.693","200","6.2"
"w32","3.2","22.5","200","-6.35","200","6.2"
"w32","3.2","22.5","220","-5.399","200","6.2"
"w32","3.2","22.5","240","-6.503","200","6.2"
"w32","3.2","22.5","260","-6.916","200","6.2"
"w32","3.2","22.5","280","-5.245","190","6.526"
"w32","3.2","22.5","300","-0.365","185","6.703"
"w32","3.2","22.5","320","7.894","180","6.889"
"w34","3.4","22.7","160","-11.342","200","6.2"
"w34","3.4","22.7","180","-9.47","200","6.2"
"w34","3.4","22.7","200","-8.026","200","6.2"
"w34","3.4","22.7","220","-7.021","200","6.2"
"w34","3.4","22.7","240","-8.596","200","6.2"
"w34","3.4","22.7","260","-9.37","200","6.2"
"w34","3.4","22.7","280","-9.215","200","6.2"
"w34","3.4","22.7","300","-6.283","185","6.703"
"w34","3.4","22.7","320","-0.983","180","6.889"
"w36","3.6","22.9","160","-13.541","200","6.2"
"w36","3.6","22.9","180","-11.6","200","6.2"
"w36","3.6","22.9","200","-9.84","200","6.2"
"w36","3.6","22.9","220","-8.901","200","6.2"
"w36","3.6","22.9","240","-10.948","200","6.2"
"w36","3.6","22.9","260","-10.706","80","15.5"
"w36","3.6","22.9","280","-12.382","200","6.2"
"w36","3.6","22.9","300","-10.12","190","6.526"
"w36","3.6","22.9","320","-7.144","130","9.538"
