index,material,type,type_cn,thickness_nm,start_nm,end_nm,note
1,Al0.52In0.48As,barrier,垒层,4.0,0.0,4.0,注入垒
2,In0.53Ga0.47As,well,阱层,1.3,4.0,5.3,
3,Al0.52In0.48As,barrier,垒层,1.0,5.3,6.3,
4,In0.53Ga0.47As,well,阱层,5.2,6.3,11.5,有源区宽阱
5,Al0.52In0.48As,barrier,垒层,0.9,11.5,12.4,
6,In0.53Ga0.47As,well,阱层,5.1,12.4,17.5,有源区宽阱
7,Al0.52In0.48As,barrier,垒层,1.0,17.5,18.5,
8,In0.53Ga0.47As,well,阱层,4.7,18.5,23.2,有源区宽阱
9,Al0.52In0.48As,barrier,垒层,1.6,23.2,24.8,
10,In0.53Ga0.47As,well,阱层,3.6,24.8,28.4,啁啾注入区
11,Al0.52In0.48As,barrier,垒层,2.2,28.4,30.6,啁啾注入区
12,In0.53Ga0.47As,well,阱层,2.9,30.6,33.5,啁啾注入区
13,Al0.52In0.48As,barrier,垒层,1.8,33.5,35.3,啁啾注入区
14,In0.53Ga0.47As,well,阱层,2.7,35.3,38.0,啁啾注入区
15,Al0.52In0.48As,barrier,垒层,1.9,38.0,39.9,啁啾注入区
16,In0.53Ga0.47As,well,阱层,2.6,39.9,42.5,啁啾注入区
17,Al0.52In0.48As,barrier,垒层,2.0,42.5,44.5,啁啾注入区
18,In0.53Ga0.47As,well,阱层,2.4,44.5,46.9,啁啾注入区
19,Al0.52In0.48As,barrier,垒层,2.5,46.9,49.4,啁啾注入区
20,In0.53Ga0.47As,well,阱层,2.5,49.4,51.9,啁啾注入区
21,Al0.52In0.48As,barrier,垒层,3.1,51.9,55.0,啁啾注入区
22,In0.53Ga0.47As,well,阱层,2.3,55.0,57.3,啁啾注入区
